{"cameraMode":{"drawMode":0,"name":"Shaded","section":"Shading Mode"},"sceneLighting":false,"audioPlay":false,"sceneViewState":{"showFog":true,"showMaterialUpdate":true,"showSkybox":true,"showFlares":true,"showImageEffects":true,"showParticleSystems":true},"in2DMode":false,"pivot":{"x":1569.71533203125,"y":1272.251953125,"z":590.2420654296875},"rotation":{"x":-0.09902935475111008,"y":0.6614158749580383,"z":-0.08896291255950928,"w":-0.7382969856262207},"size":606.7175903320313,"orthographic":false}