{"cameraMode":{"drawMode":0,"name":"Shaded","section":"Shading Mode"},"sceneLighting":false,"audioPlay":false,"sceneViewState":{"showFog":true,"showMaterialUpdate":true,"showSkybox":false,"showFlares":true,"showImageEffects":true,"showParticleSystems":true},"in2DMode":false,"pivot":{"x":1241.1343994140625,"y":1025.1710205078125,"z":-32.505950927734378},"rotation":{"x":0.03999000042676926,"y":-0.9551931619644165,"z":0.1553552746772766,"w":0.2493356615304947},"size":240.528564453125,"orthographic":false}